{"cameraMode":{"drawMode":0,"name":"Shaded","section":"Shading Mode"},"sceneLighting":true,"audioPlay":false,"sceneViewState":{"showFog":false,"showMaterialUpdate":false,"showSkybox":false,"showFlares":false,"showImageEffects":false,"showParticleSystems":false},"in2DMode":false,"pivot":{"x":4.400916576385498,"y":3.1457362174987795,"z":-15.408260345458985},"rotation":{"x":-0.21754564344882966,"y":0.009367155842483044,"z":-0.00208833790384233,"w":-0.9760051965713501},"size":12.175429344177246,"orthographic":false}